Suite/Test/Step Name,Browser,Description,Tag,Start time,End time,Duration,Status
SuitePozicky,Chrome 123.0.0.0,,,17-04-2024 14:36:56,17-04-2024 14:49:51,"12m - 54,304s",FAILED
,,,,,,,
Test Cases/Pozicky B/Pozicka_399090,Chrome 123.0.0.0,"Služba 7.3.4 Žiadosť o pôžičku pre pedagógov s ručiteľom, s autorizáciou AD účtom a podpisom KEP",,17-04-2024 14:36:57,17-04-2024 14:42:41,"5m - 43,866s",FAILED
log = new com.kms.katalon.core.logging.KeywordLogger(),Chrome 123.0.0.0,,,17-04-2024 14:36:58,17-04-2024 14:36:58,"0,033s",PASSED
mail = new Email(),Chrome 123.0.0.0,,,17-04-2024 14:36:58,17-04-2024 14:36:58,"0,023s",PASSED
podpis = new Podpisovac(),Chrome 123.0.0.0,,,17-04-2024 14:36:58,17-04-2024 14:36:58,"0,013s",PASSED
form = new Formular(),Chrome 123.0.0.0,,,17-04-2024 14:36:58,17-04-2024 14:36:58,"0,013s",PASSED
"openBrowser("""")",Chrome 123.0.0.0,,,17-04-2024 14:36:58,17-04-2024 14:37:02,"4,440s",PASSED
"navigateToUrl(""https://es-test.minedu.sk/"")",Chrome 123.0.0.0,,,17-04-2024 14:37:02,17-04-2024 14:37:10,"7,808s",PASSED
"if (form.prihlasUzivatela(""930471954"", ""zTTfKFASM+jMVRoiJaGOIA==""))",Chrome 123.0.0.0,,,17-04-2024 14:37:10,17-04-2024 14:37:50,"39,875s",PASSED
"click(findTestObject(""Object Repository/Page_Portl elektronickch sluieb regionlneho_9bdbd3/a_Pedagogick a odborn zamestnanec""))",Chrome 123.0.0.0,,,17-04-2024 14:37:50,17-04-2024 14:37:51,"1,006s",PASSED
"click(findTestObject(""Object Repository/Page_Elektronick sluby pre pedagogickch a o_83fa6f/a_Podvanie iadosti o piku pre pedaggov z Fo_d7a76f""))",Chrome 123.0.0.0,,,17-04-2024 14:37:51,17-04-2024 14:37:52,"0,795s",PASSED
"click(findTestObject(""Object Repository/Page_Podvanie iadosti o piku pre pedaggov z_981991/a_Prejs na podvanie iadosti o piku pre peda_d8ef74""))",Chrome 123.0.0.0,,,17-04-2024 14:37:52,17-04-2024 14:37:59,"6,770s",PASSED
"waitForElementPresent(findTestObject(""Page_Formulr Podvanie iadosti o piku pre pe_fbb4f4/span_ESRVS-2024-2188""), 30, STOP_ON_FAILURE)",Chrome 123.0.0.0,,,17-04-2024 14:37:59,17-04-2024 14:38:17,"18,330s",PASSED
"identifikator = getText(findTestObject(""Object Repository/Page_Formulr Podvanie iadosti o piku pre pe_fbb4f4/span_ESRVS-2024-2188""))",Chrome 123.0.0.0,,,17-04-2024 14:38:17,17-04-2024 14:38:19,"2,477s",PASSED
"verifyElementText(findTestObject(""Page_Formulr Podvanie iadosti o piku pre pe_fbb4f4/span_ESRVS-2024-2188""), identifikator)",Chrome 123.0.0.0,,,17-04-2024 14:38:19,17-04-2024 14:38:20,"0,349s",PASSED
"setText(findTestObject(""Object Repository/Page_Formulr Podvanie iadosti o piku pre pe_fbb4f4/input_Zadajte najvy zskan titul (v prpade v_aad6cd""), ""Ing."")",Chrome 123.0.0.0,,,17-04-2024 14:38:20,17-04-2024 14:38:20,"0,744s",PASSED
"verifyElementText(findTestObject(""Object Repository/Page_Formulr Podvanie iadosti o piku pre pe_fbb4f4/span_Marek""), ""Marek"")",Chrome 123.0.0.0,,,17-04-2024 14:38:20,17-04-2024 14:38:21,"0,435s",PASSED
"verifyElementText(findTestObject(""Object Repository/Page_Formulr Podvanie iadosti o piku pre pe_fbb4f4/span_Tirpk""), ""Tirpák"")",Chrome 123.0.0.0,,,17-04-2024 14:38:21,17-04-2024 14:38:21,"0,351s",PASSED
"verifyElementText(findTestObject(""Object Repository/Page_Formulr Podvanie iadosti o piku pre pe_fbb4f4/span_8001010017""), ""8001010017"")",Chrome 123.0.0.0,,,17-04-2024 14:38:21,17-04-2024 14:38:22,"0,348s",PASSED
"verifyElementText(findTestObject(""Object Repository/Page_Formulr Podvanie iadosti o piku pre pe_fbb4f4/span_01.01.1980""), ""01.01.1980"")",Chrome 123.0.0.0,,,17-04-2024 14:38:22,17-04-2024 14:38:22,"0,327s",PASSED
"click(findTestObject(""Object Repository/Page_Formulr Podvanie iadosti o piku pre pe_fbb4f4/label_In""))",Chrome 123.0.0.0,,,17-04-2024 14:38:22,17-04-2024 14:38:22,"0,380s",PASSED
"setText(findTestObject(""Object Repository/Page_Formulr Podvanie iadosti o piku pre pe_fbb4f4/input_Zadajte PS trvalho pobytu_UI_V_ZP_in__f1f09d""), ""07865"")",Chrome 123.0.0.0,,,17-04-2024 14:38:22,17-04-2024 14:38:23,"0,799s",PASSED
"click(findTestObject(""Object Repository/Page_Formulr Podvanie iadosti o piku pre pe_fbb4f4/label_Nie""))",Chrome 123.0.0.0,,,17-04-2024 14:38:23,17-04-2024 14:38:24,"0,412s",PASSED
"setText(findTestObject(""Object Repository/Page_Formulr Podvanie iadosti o piku pre pe_fbb4f4/input_Zadajte obec alebo mesto, kam bude v _9b039a""), ""Košice-Juh"")",Chrome 123.0.0.0,,,17-04-2024 14:38:24,17-04-2024 14:38:24,"0,670s",PASSED
"click(findTestObject(""Object Repository/Page_Formulr Podvanie iadosti o piku pre pedaggov z Fondu na podporu vzdelvania  Elektronick sluby portlu regionlneho a vysokho kolstva/div_Koice-Juh (Koice IV)""))",Chrome 123.0.0.0,,,17-04-2024 14:38:24,17-04-2024 14:38:25,"0,390s",PASSED
"setText(findTestObject(""Object Repository/Page_Formulr Podvanie iadosti o piku pre pe_fbb4f4/input_Zadajte ulicu, kam bude v prpade potr_a6c0b2""), ""Vymyslená"")",Chrome 123.0.0.0,,,17-04-2024 14:38:25,17-04-2024 14:38:25,"0,864s",PASSED
"setText(findTestObject(""Object Repository/Page_Formulr Podvanie iadosti o piku pre pe_fbb4f4/input_Zadajte spisn slo, kam bude v prpade _a00d5c""), ""98"")",Chrome 123.0.0.0,,,17-04-2024 14:38:25,17-04-2024 14:38:26,"0,902s",PASSED
"setText(findTestObject(""Object Repository/Page_Formulr Podvanie iadosti o piku pre pe_fbb4f4/input_Zadajte orientan slo, kam bude v prpa_557c52""), ""55"")",Chrome 123.0.0.0,,,17-04-2024 14:38:26,17-04-2024 14:38:27,"0,824s",PASSED
"setText(findTestObject(""Object Repository/Page_Formulr Podvanie iadosti o piku pre pe_fbb4f4/input_Zadajte PS, kam bude v prpade potreby_22cb62""), ""01265"")",Chrome 123.0.0.0,,,17-04-2024 14:38:27,17-04-2024 14:38:28,"0,720s",PASSED
"click(findTestObject(""Object Repository/Page_Formulr Podvanie iadosti o piku pre pe_fbb4f4/input_Zadajte kontaktn e-mailov adresu_UI_V_aee6cc""))",Chrome 123.0.0.0,,,17-04-2024 14:38:28,17-04-2024 14:38:28,"0,420s",PASSED
"setText(findTestObject(""Object Repository/Page_Formulr Podvanie iadosti o piku pre pe_fbb4f4/input_Zadajte kontaktn e-mailov adresu_UI_V_aee6cc""), email)",Chrome 123.0.0.0,,,17-04-2024 14:38:28,17-04-2024 14:38:29,"0,838s",PASSED
"setText(findTestObject(""Object Repository/Page_Formulr Podvanie iadosti o piku pre pe_fbb4f4/input_Zadajte telefnne slo vrtane medzinrod_dbbd6c""), ""+421456321789"")",Chrome 123.0.0.0,,,17-04-2024 14:38:29,17-04-2024 14:38:30,"0,815s",PASSED
"click(findTestObject(""Object Repository/Page_Formulr Podvanie iadosti o piku pre pe_fbb4f4/input_Vyberte minimlne jednu, alebo viac mo_04f0d9""))",Chrome 123.0.0.0,,,17-04-2024 14:38:30,17-04-2024 14:38:30,"0,522s",PASSED
"click(findTestObject(""Object Repository/Page_Formulr Podvanie iadosti o piku pre pe_fbb4f4/input_doktorand v dennej forme tdia_UI_V_ZP_9333fb""))",Chrome 123.0.0.0,,,17-04-2024 14:38:30,17-04-2024 14:38:31,"0,472s",PASSED
"if (verifyElementClickable(findTestObject(""Object Repository/Page_Formulr Podvanie iadosti o piku pre pe_fbb4f4/button_Pokraova"")))",Chrome 123.0.0.0,,,17-04-2024 14:38:31,17-04-2024 14:38:31,"0,442s",PASSED
"click(findTestObject(""Object Repository/Page_Formulr Podvanie iadosti o piku pre pe_fbb4f4/button_Pokraova""))",Chrome 123.0.0.0,,,17-04-2024 14:38:31,17-04-2024 14:38:32,"0,378s",PASSED
"setText(findTestObject(""Object Repository/Page_Formulr Podvanie iadosti o piku pre pe_fbb4f4/input_Poadovan vka piky (zaokrhlene na stov_c8e10c""), ""15000"")",Chrome 123.0.0.0,,,17-04-2024 14:38:32,17-04-2024 14:38:33,"0,859s",PASSED
"setText(findTestObject(""Object Repository/Page_Formulr Podvanie iadosti o piku pre pe_fbb4f4/input_Zadajte poadovan splatnos piky na cel_03b518""), ""15"")",Chrome 123.0.0.0,,,17-04-2024 14:38:33,17-04-2024 14:38:33,"0,720s",PASSED
"click(findTestObject(""Object Repository/Page_Formulr Podvanie iadosti o piku pre pe_fbb4f4/button_Pokraova""))",Chrome 123.0.0.0,,,17-04-2024 14:38:33,17-04-2024 14:38:34,"0,550s",PASSED
"click(findTestObject(""Object Repository/Page_Formulr Podvanie iadosti o piku pre pe_fbb4f4/input_Vygenerova potvrdenie_checkbox""))",Chrome 123.0.0.0,,,17-04-2024 14:38:34,17-04-2024 14:38:34,"0,477s",PASSED
"click(findTestObject(""Object Repository/Page_Formulr Podvanie iadosti o piku pre pe_fbb4f4/button_Odstrni""))",Chrome 123.0.0.0,,,17-04-2024 14:38:34,17-04-2024 14:38:35,"0,631s",PASSED
"click(findTestObject(""Object Repository/Page_Formulr Podvanie iadosti o piku pre pe_fbb4f4/input_Vygenerova potvrdenie_checkbox""))",Chrome 123.0.0.0,,,17-04-2024 14:38:35,17-04-2024 14:38:35,"0,477s",PASSED
"click(findTestObject(""Object Repository/Page_Formulr Podvanie iadosti o piku pre pe_fbb4f4/button_Odstrni""))",Chrome 123.0.0.0,,,17-04-2024 14:38:35,17-04-2024 14:38:36,"0,634s",PASSED
"click(findTestObject(""Object Repository/Page_Formulr Podvanie iadosti o piku pre pe_fbb4f4/button_Prida""))",Chrome 123.0.0.0,,,17-04-2024 14:38:36,17-04-2024 14:38:37,"0,586s",PASSED
"setText(findTestObject(""Object Repository/Page_Formulr Podvanie iadosti o piku pre pe_fbb4f4/input_Uvete presn nzov zamestnvatea, kde pr_ffa6a4""), ""škola 1"")",Chrome 123.0.0.0,,,17-04-2024 14:38:37,17-04-2024 14:38:38,"0,808s",PASSED
"setText(findTestObject(""Object Repository/Page_Formulr Podvanie iadosti o piku pre pe_fbb4f4/input_Poloka mus by vyplnen_UI_V_ZP_in_Udaj_cdc09e""), ""tst@tst.sk"")",Chrome 123.0.0.0,,,17-04-2024 14:38:38,17-04-2024 14:38:38,"0,679s",PASSED
"setText(findTestObject(""Object Repository/Page_Formulr Podvanie iadosti o piku pre pe_fbb4f4/input_Vyhadajte obec po zadan prvch 3 znako_4b7030""), ""Martin"")",Chrome 123.0.0.0,,,17-04-2024 14:38:38,17-04-2024 14:38:39,"0,810s",PASSED
"click(findTestObject(""Object Repository/Page_Formulr Podvanie iadosti o piku pre pe_fbb4f4/div_Martin (Martin)""))",Chrome 123.0.0.0,,,17-04-2024 14:38:39,17-04-2024 14:38:40,"0,821s",PASSED
"setText(findTestObject(""Object Repository/Page_Formulr Podvanie iadosti o piku pre pe_fbb4f4/input_Spisn slo_UI_V_ZP_in_AdresaZamestnava_d21fa0""), ""55"")",Chrome 123.0.0.0,,,17-04-2024 14:38:40,17-04-2024 14:38:41,"0,783s",PASSED
"setText(findTestObject(""Object Repository/Page_Formulr Podvanie iadosti o piku pre pe_fbb4f4/input_Poloka mus by vyplnen_UI_V_ZP_in_Adre_3a19c5""), ""65458"")",Chrome 123.0.0.0,,,17-04-2024 14:38:41,17-04-2024 14:38:41,"0,668s",PASSED
"setText(findTestObject(""Object Repository/Page_Formulr Podvanie iadosti o piku pre pe_fbb4f4/input_Uvete presn nzov pracovnej pozcie_UI__8f6d79""), ""gh"")",Chrome 123.0.0.0,,,17-04-2024 14:38:41,17-04-2024 14:38:42,"0,767s",PASSED
"setText(findTestObject(""Object Repository/Page_Formulr Podvanie iadosti o piku pre pe_fbb4f4/input_De_UI_V_ZP_in_PracovnaPozicia_DatumNa_0fb358""), ""4"")",Chrome 123.0.0.0,,,17-04-2024 14:38:42,17-04-2024 14:38:43,"0,896s",PASSED
"setText(findTestObject(""Object Repository/Page_Formulr Podvanie iadosti o piku pre pe_fbb4f4/input_Mesiac_UI_V_ZP_in_PracovnaPozicia_Dat_7d96bd""), ""4"")",Chrome 123.0.0.0,,,17-04-2024 14:38:43,17-04-2024 14:38:44,"0,823s",PASSED
"setText(findTestObject(""Object Repository/Page_Formulr Podvanie iadosti o piku pre pe_fbb4f4/input_Rok_UI_V_ZP_in_PracovnaPozicia_DatumN_103076""), ""2005"")",Chrome 123.0.0.0,,,17-04-2024 14:38:44,17-04-2024 14:38:44,"0,695s",PASSED
"click(findTestObject(""Object Repository/Page_Formulr Podvanie iadosti o piku pre pe_fbb4f4/input_Muste vybra aspo jednu monos_UI_V_ZP__218c8d""))",Chrome 123.0.0.0,,,17-04-2024 14:38:44,17-04-2024 14:38:45,"0,375s",PASSED
"click(findTestObject(""Page_Formulr Podvanie iadosti o piku pre pedaggov z Fondu na podporu vzdelvania  Elektronick sluby portlu regionlneho a vysokho kolstva/input_Poloka mus by vyplnen_UI_V_ZP_in_PracovnaPozicia_TypZmluvy-group-2""))",Chrome 123.0.0.0,,,17-04-2024 14:38:45,17-04-2024 14:38:45,"0,567s",PASSED
"click(findTestObject(""Page_Formulr Podvanie iadosti o piku pre pedaggov z Fondu na podporu vzdelvania  Elektronick sluby portlu regionlneho a vysokho kolstva/input_Poloka mus by vyplnen_UI_V_ZP_in_PracovnaPozicia_DruhZmluvy-group-2""))",Chrome 123.0.0.0,,,17-04-2024 14:38:45,17-04-2024 14:38:46,"0,572s",PASSED
"check(findTestObject(""Page_Formulr Podvanie iadosti o piku pre pedaggov z Fondu na podporu vzdelvania  Elektronick sluby portlu regionlneho a vysokho kolstva/input_Poloka mus by vyplnen_UI_V_ZP_in_PracovnaPozicia_PedagogickaCinnost-group-2""))",Chrome 123.0.0.0,,,17-04-2024 14:38:46,17-04-2024 14:38:46,"0,501s",PASSED
"setText(findTestObject(""Object Repository/Page_Formulr Podvanie iadosti o piku pre pe_fbb4f4/input_Poloka mus by vyplnen_UI_V_ZP_in_Prac_796394""), ""1000"")",Chrome 123.0.0.0,,,17-04-2024 14:38:46,17-04-2024 14:38:47,"0,820s",PASSED
"setText(findTestObject(""Object Repository/Page_Formulr Podvanie iadosti o piku pre pe_fbb4f4/input_Poloka mus by vyplnen_UI_V_ZP_in_Prac_cae66d""), ""800"")",Chrome 123.0.0.0,,,17-04-2024 14:38:47,17-04-2024 14:38:48,"0,668s",PASSED
"click(findTestObject(""Object Repository/Page_Formulr Podvanie iadosti o piku pre pe_fbb4f4/button_Uloi""))",Chrome 123.0.0.0,,,17-04-2024 14:38:48,17-04-2024 14:38:49,"0,572s",PASSED
"click(findTestObject(""Object Repository/Page_Formulr Podvanie iadosti o piku pre pe_fbb4f4/a_Vygenerova potvrdenie""))",Chrome 123.0.0.0,,,17-04-2024 14:38:49,17-04-2024 14:38:49,"0,496s",PASSED
"if (verifyElementClickable(findTestObject(""Object Repository/Page_Formulr Podvanie iadosti o piku pre pe_fbb4f4/button_Pokraova"")))",Chrome 123.0.0.0,,,17-04-2024 14:38:49,17-04-2024 14:38:59,"10,317s",PASSED
delay(30),Chrome 123.0.0.0,,,17-04-2024 14:38:59,17-04-2024 14:39:29,"30,071s",PASSED
subor = mail.ulozPrilohu(),Chrome 123.0.0.0,,,17-04-2024 14:39:29,17-04-2024 14:41:07,"1m - 37,589s",PASSED
"if (mail.kontrolaDokumentu(subor, ""Marek"") > 1)",Chrome 123.0.0.0,,,17-04-2024 14:41:07,17-04-2024 14:41:09,"2,332s",PASSED
"if (mail.kontrolaDokumentu(subor, ""Tirpák"") > 1)",Chrome 123.0.0.0,,,17-04-2024 14:41:09,17-04-2024 14:41:09,"0,091s",PASSED
"click(findTestObject(""Object Repository/Page_Formulr Podvanie iadosti o piku pre pe_fbb4f4/button_Pokraova""))",Chrome 123.0.0.0,,,17-04-2024 14:41:09,17-04-2024 14:41:10,"0,539s",PASSED
"click(findTestObject(""Object Repository/Page_Formulr Podvanie iadosti o piku pre pe_fbb4f4/input_Nie_typ-27""))",Chrome 123.0.0.0,,,17-04-2024 14:41:10,17-04-2024 14:41:10,"0,441s",PASSED
"click(findTestObject(""Object Repository/Page_Formulr Podvanie iadosti o piku pre pe_fbb4f4/input_Nie_typ-29""))",Chrome 123.0.0.0,,,17-04-2024 14:41:10,17-04-2024 14:41:11,"0,365s",PASSED
"click(findTestObject(""Object Repository/Page_Formulr Podvanie iadosti o piku pre pe_fbb4f4/button_Pokraova""))",Chrome 123.0.0.0,,,17-04-2024 14:41:11,17-04-2024 14:41:11,"0,452s",PASSED
"click(findTestObject(""Object Repository/Page_Formulr Podvanie iadosti o piku pre pe_fbb4f4/button_Detail""))",Chrome 123.0.0.0,,,17-04-2024 14:41:11,17-04-2024 14:41:12,"0,520s",PASSED
"uploadFile(findTestObject(""Object Repository/Page_Formulr Podvanie iadosti o piku pre pe_fbb4f4/input_Uloi_file-upload-field""), ""C:\Users\barcik\Downloads\form.573.Prehlad-24-potvrdenie-print-save_5a11da50-9aec-4f8b-a1a0-d42325a914a4.pdf"")",Chrome 123.0.0.0,,,17-04-2024 14:41:12,17-04-2024 14:41:12,"0,514s",PASSED
"click(findTestObject(""Object Repository/Page_Formulr Podvanie iadosti o piku pre pe_fbb4f4/button_Uloi_1_2""))",Chrome 123.0.0.0,,,17-04-2024 14:41:12,17-04-2024 14:41:13,"0,496s",PASSED
"click(findTestObject(""Object Repository/Page_Formulr Podvanie iadosti o piku pre pe_fbb4f4/button_Detail_1""))",Chrome 123.0.0.0,,,17-04-2024 14:41:13,17-04-2024 14:41:13,"0,491s",PASSED
"uploadFile(findTestObject(""Object Repository/Page_Formulr Podvanie iadosti o piku pre pe_fbb4f4/input_Uloi_file-upload-field""), ""C:\Users\barcik\Downloads\form.573.Prehlad-24-potvrdenie-print-save_5a11da50-9aec-4f8b-a1a0-d42325a914a4.pdf"")",Chrome 123.0.0.0,,,17-04-2024 14:41:13,17-04-2024 14:41:14,"0,551s",PASSED
"click(findTestObject(""Object Repository/Page_Formulr Podvanie iadosti o piku pre pe_fbb4f4/button_Uloi_1_2""))",Chrome 123.0.0.0,,,17-04-2024 14:41:14,17-04-2024 14:41:14,"0,566s",PASSED
"click(findTestObject(""Object Repository/Page_Formulr Podvanie iadosti o piku pre pe_fbb4f4/button_Detail_1_2""))",Chrome 123.0.0.0,,,17-04-2024 14:41:14,17-04-2024 14:41:15,"0,555s",PASSED
"click(findTestObject(""Object Repository/Page_Formulr Podvanie iadosti o piku pre pe_fbb4f4/input_Spolon vekos priloench sborov nesmie _e74e60""))",Chrome 123.0.0.0,,,17-04-2024 14:41:15,17-04-2024 14:41:15,"0,536s",PASSED
"click(findTestObject(""Object Repository/Page_Formulr Podvanie iadosti o piku pre pe_fbb4f4/button_Uloi_1_2""))",Chrome 123.0.0.0,,,17-04-2024 14:41:15,17-04-2024 14:41:16,"0,471s",PASSED
"click(findTestObject(""Object Repository/Page_Formulr Podvanie iadosti o piku pre pe_fbb4f4/button_Detail_1_2_3""))",Chrome 123.0.0.0,,,17-04-2024 14:41:16,17-04-2024 14:41:17,"0,601s",PASSED
"click(findTestObject(""Object Repository/Page_Formulr Podvanie iadosti o piku pre pe_fbb4f4/input_Spolon vekos priloench sborov nesmie _e74e60""))",Chrome 123.0.0.0,,,17-04-2024 14:41:17,17-04-2024 14:41:17,"0,512s",PASSED
"click(findTestObject(""Object Repository/Page_Formulr Podvanie iadosti o piku pre pe_fbb4f4/button_Uloi_1_2""))",Chrome 123.0.0.0,,,17-04-2024 14:41:17,17-04-2024 14:41:18,"0,461s",PASSED
"click(findTestObject(""Object Repository/Page_Formulr Podvanie iadosti o piku pre pe_fbb4f4/button_Detail_1_2_3_4""))",Chrome 123.0.0.0,,,17-04-2024 14:41:18,17-04-2024 14:41:18,"0,475s",PASSED
"click(findTestObject(""Object Repository/Page_Formulr Podvanie iadosti o piku pre pe_fbb4f4/input_Spolon vekos priloench sborov nesmie _e74e60""))",Chrome 123.0.0.0,,,17-04-2024 14:41:18,17-04-2024 14:41:18,"0,465s",PASSED
"click(findTestObject(""Object Repository/Page_Formulr Podvanie iadosti o piku pre pe_fbb4f4/button_Uloi_1_2""))",Chrome 123.0.0.0,,,17-04-2024 14:41:18,17-04-2024 14:41:19,"0,453s",PASSED
"click(findTestObject(""Object Repository/Page_Formulr Podvanie iadosti o piku pre pe_fbb4f4/button_Detail_1_2_3_4_5""))",Chrome 123.0.0.0,,,17-04-2024 14:41:19,17-04-2024 14:41:19,"0,467s",PASSED
"click(findTestObject(""Object Repository/Page_Formulr Podvanie iadosti o piku pre pe_fbb4f4/input_Spolon vekos priloench sborov nesmie _e74e60""))",Chrome 123.0.0.0,,,17-04-2024 14:41:19,17-04-2024 14:41:20,"0,456s",PASSED
"click(findTestObject(""Object Repository/Page_Formulr Podvanie iadosti o piku pre pe_fbb4f4/button_Uloi_1_2""))",Chrome 123.0.0.0,,,17-04-2024 14:41:20,17-04-2024 14:41:20,"0,466s",PASSED
"click(findTestObject(""Object Repository/Page_Formulr Podvanie iadosti o piku pre pe_fbb4f4/button_Detail_1_2_3_4_5_6""))",Chrome 123.0.0.0,,,17-04-2024 14:41:20,17-04-2024 14:41:21,"0,492s",PASSED
"uploadFile(findTestObject(""Object Repository/Page_Formulr Podvanie iadosti o piku pre pe_fbb4f4/input_Uloi_file-upload-field""), ""C:\Users\barcik\Downloads\form.573.Prehlad-24-potvrdenie-print-save_5a11da50-9aec-4f8b-a1a0-d42325a914a4.pdf"")",Chrome 123.0.0.0,,,17-04-2024 14:41:21,17-04-2024 14:41:21,"0,455s",PASSED
"click(findTestObject(""Object Repository/Page_Formulr Podvanie iadosti o piku pre pe_fbb4f4/button_Uloi_1_2""))",Chrome 123.0.0.0,,,17-04-2024 14:41:21,17-04-2024 14:41:22,"0,470s",PASSED
"click(findTestObject(""Object Repository/Page_Formulr Podvanie iadosti o piku pre pe_fbb4f4/button_Detail_1_2_3_4_5_6_7""))",Chrome 123.0.0.0,,,17-04-2024 14:41:22,17-04-2024 14:41:22,"0,560s",PASSED
"uploadFile(findTestObject(""Object Repository/Page_Formulr Podvanie iadosti o piku pre pe_fbb4f4/input_Uloi_file-upload-field""), ""C:\Users\barcik\Downloads\form.573.Prehlad-24-potvrdenie-print-save_5a11da50-9aec-4f8b-a1a0-d42325a914a4.pdf"")",Chrome 123.0.0.0,,,17-04-2024 14:41:22,17-04-2024 14:41:23,"0,534s",PASSED
"click(findTestObject(""Object Repository/Page_Formulr Podvanie iadosti o piku pre pe_fbb4f4/button_Uloi_1_2""))",Chrome 123.0.0.0,,,17-04-2024 14:41:23,17-04-2024 14:41:23,"0,464s",PASSED
"setText(findTestObject(""Object Repository/Page_Formulr Podvanie iadosti o piku pre pe_fbb4f4/input_Zadajte miesto odoslania iadosti_UI_V_59ba54""), ""Bratislava"")",Chrome 123.0.0.0,,,17-04-2024 14:41:23,17-04-2024 14:41:24,"0,783s",PASSED
"click(findTestObject(""Object Repository/Page_Formulr Podvanie iadosti o piku pre pe_fbb4f4/button_Pokraova""))",Chrome 123.0.0.0,,,17-04-2024 14:41:24,17-04-2024 14:41:25,"0,487s",PASSED
"verifyElementText(findTestObject(""Page_Formulr Podvanie iadosti o piku pre pe_fbb4f4/div_ESRVS-2024-2188""), identifikator)",Chrome 123.0.0.0,,,17-04-2024 14:41:25,17-04-2024 14:41:27,"2,478s",PASSED
"verifyElementText(findTestObject(""Object Repository/Page_Formulr Podvanie iadosti o piku pre pe_fbb4f4/div_Bratislava""), ""Bratislava"")",Chrome 123.0.0.0,,,17-04-2024 14:41:27,17-04-2024 14:41:27,"0,313s",PASSED
"verifyElementText(findTestObject(""Object Repository/Page_Formulr Podvanie iadosti o piku pre pe_fbb4f4/div_Ing""), ""Ing."")",Chrome 123.0.0.0,,,17-04-2024 14:41:27,17-04-2024 14:41:28,"0,314s",PASSED
"verifyElementText(findTestObject(""Object Repository/Page_Formulr Podvanie iadosti o piku pre pe_fbb4f4/div_Marek""), ""Marek"")",Chrome 123.0.0.0,,,17-04-2024 14:41:28,17-04-2024 14:41:28,"0,306s",PASSED
"verifyElementText(findTestObject(""Object Repository/Page_Formulr Podvanie iadosti o piku pre pe_fbb4f4/div_Tirpk""), ""Tirpák"")",Chrome 123.0.0.0,,,17-04-2024 14:41:28,17-04-2024 14:41:28,"0,313s",PASSED
"verifyElementText(findTestObject(""Object Repository/Page_Formulr Podvanie iadosti o piku pre pe_fbb4f4/div_Mlynsk 3292207865 Koice-Star Mesto (Koi_afa4d6""), ""Mlynská 329/2207865 Košice-Staré Mesto (Košice I)Slovenská republika"", OPTIONAL)",Chrome 123.0.0.0,,,17-04-2024 14:41:28,17-04-2024 14:41:29,"0,504s",PASSED
"verifyElementText(findTestObject(""Object Repository/Page_Formulr Podvanie iadosti o piku pre pe_fbb4f4/div_421456321789""), ""+421456321789"", OPTIONAL)",Chrome 123.0.0.0,,,17-04-2024 14:41:29,17-04-2024 14:41:29,"0,316s",PASSED
"verifyElementText(findTestObject(""Object Repository/Page_Formulr Podvanie iadosti o piku pre pe_fbb4f4/div_barcikditec.sk""), email, OPTIONAL)",Chrome 123.0.0.0,,,17-04-2024 14:41:29,17-04-2024 14:41:29,"0,307s",PASSED
"verifyElementText(findTestObject(""Object Repository/Page_Formulr Podvanie iadosti o piku pre pe_fbb4f4/div_15000""), ""15000"")",Chrome 123.0.0.0,,,17-04-2024 14:41:29,17-04-2024 14:41:30,"0,319s",PASSED
"verifyElementText(findTestObject(""Object Repository/Page_Formulr Podvanie iadosti o piku pre pe_fbb4f4/div_15""), ""15"")",Chrome 123.0.0.0,,,17-04-2024 14:41:30,17-04-2024 14:41:30,"0,331s",PASSED
"click(findTestObject(""Object Repository/Page_Formulr Podvanie iadosti o piku pre pe_fbb4f4/label_estne vyhlasujem, e vetky daje uveden_88100d""))",Chrome 123.0.0.0,,,17-04-2024 14:41:30,17-04-2024 14:41:30,"0,392s",PASSED
"click(findTestObject(""Object Repository/Page_Formulr Podvanie iadosti o piku pre pe_fbb4f4/label_Beriem na vedomie, e v slade s  17 od_1288a0""))",Chrome 123.0.0.0,,,17-04-2024 14:41:30,17-04-2024 14:41:31,"0,360s",PASSED
"click(findTestObject(""Object Repository/Page_Formulr Podvanie iadosti o piku pre pe_fbb4f4/button_Podpsa iados o piku kvalifikovanm el_0eb4be""))",Chrome 123.0.0.0,,,17-04-2024 14:41:31,17-04-2024 14:41:31,"0,585s",PASSED
"click(findTestObject(""Object Repository/Page_Formulr Podvanie iadosti o piku pre pe_fbb4f4/button_Podpsa""))",Chrome 123.0.0.0,,,17-04-2024 14:41:31,17-04-2024 14:41:32,"0,476s",PASSED
delay(12),Chrome 123.0.0.0,,,17-04-2024 14:41:32,17-04-2024 14:41:44,"12,015s",PASSED
podpis.podpisFormular(),Chrome 123.0.0.0,,,17-04-2024 14:41:44,17-04-2024 14:42:10,"25,672s",PASSED
"click(findTestObject(""Object Repository/Page_Formulr Podvanie iadosti o piku pre pe_fbb4f4/button_Odosla""))",Chrome 123.0.0.0,,,17-04-2024 14:42:10,17-04-2024 14:42:10,"0,565s",PASSED
"click(findTestObject(""Object Repository/Page_Formulr Podvanie iadosti o piku pre pe_fbb4f4/button_Prejs na domovsk strnku""))",Chrome 123.0.0.0,,,17-04-2024 14:42:10,17-04-2024 14:42:41,"30,410s",FAILED
,,,,,,,
Test Cases/Pozicky B/PozickaB_399076,Chrome 123.0.0.0,"Služba 7.2.4.B Žiadosť o pôžičku pre študentov (bez zabezpečenia ručiteľom), autorizácia AD účtom a KEP - s prílohami - príslušnosť SR - zhodná korešpondenč. adresa s trvalým pobytom - štúdium Hlavné a Súbežné",,17-04-2024 14:42:41,17-04-2024 14:47:26,"4m - 44,966s",FAILED
podpisovac = new Podpisovac(),Chrome 123.0.0.0,,,17-04-2024 14:42:41,17-04-2024 14:42:41,"0,007s",PASSED
mail = new Email(),Chrome 123.0.0.0,,,17-04-2024 14:42:41,17-04-2024 14:42:41,"0,003s",PASSED
"openBrowser("""")",Chrome 123.0.0.0,,,17-04-2024 14:42:41,17-04-2024 14:42:44,"2,566s",PASSED
"navigateToUrl(""https://es-test.minedu.sk/"")",Chrome 123.0.0.0,,,17-04-2024 14:42:44,17-04-2024 14:42:48,"4,258s",PASSED
"click(findTestObject(""Object Repository/Page_Portl elektronickch sluieb regionlneho_9bdbd3/a_Shlasm""))",Chrome 123.0.0.0,,,17-04-2024 14:42:48,17-04-2024 14:42:49,"0,894s",PASSED
maximizeWindow(),Chrome 123.0.0.0,,,17-04-2024 14:42:49,17-04-2024 14:42:49,"0,132s",PASSED
"click(findTestObject(""Page_Portl elektronickch sluieb regionlneho_9bdbd3/a_Prihlsi sa""))",Chrome 123.0.0.0,,,17-04-2024 14:42:49,17-04-2024 14:42:55,"6,517s",PASSED
"click(findTestObject(""Page_Spsoby prihlsenia sa na portl - Iam.Web/div_Identifiktor a heslo fyzickej osoby    _3153de""))",Chrome 123.0.0.0,,,17-04-2024 14:42:55,17-04-2024 14:42:56,"0,852s",PASSED
"setText(findTestObject(""Page_Identifiktor a heslo fyzickej osoby - Iam.Web/input_Zadajte svoj identifiktor_DomainName""), ""930382290"")",Chrome 123.0.0.0,,,17-04-2024 14:42:56,17-04-2024 14:42:57,"0,810s",PASSED
"setEncryptedText(findTestObject(""Page_Identifiktor a heslo fyzickej osoby - Iam.Web/input_Zadajte svoje prihlasovacie heslo_Password""), ""U8nf8IyamTpUg019is4peg=="")",Chrome 123.0.0.0,,,17-04-2024 14:42:57,17-04-2024 14:42:57,"0,401s",PASSED
"click(findTestObject(""Page_Identifiktor a heslo fyzickej osoby - Iam.Web/input_Zabudnut heslo_btn-continue""))",Chrome 123.0.0.0,,,17-04-2024 14:42:57,17-04-2024 14:43:01,"3,881s",PASSED
"click(findTestObject(""Object Repository/Page_Portl elektronickch sluieb regionlneho_9bdbd3/a_tudent""))",Chrome 123.0.0.0,,,17-04-2024 14:43:01,17-04-2024 14:43:04,"3,045s",PASSED
"click(findTestObject(""Page_Elektronick sluby pre tudentov  Elektr_37b4bf/a_Podvanie iadosti o piku pre tudentov z Fo_135f09""))",Chrome 123.0.0.0,,,17-04-2024 14:43:04,17-04-2024 14:43:07,"2,868s",PASSED
"click(findTestObject(""Page_Podvanie iadosti o piku pre tudentov z_37fe9e/a_Prejs na iados o piku (bez zabezpeenia ruiteom)""))",Chrome 123.0.0.0,,,17-04-2024 14:43:07,17-04-2024 14:43:31,"23,345s",PASSED
"waitForElementVisible(findTestObject(""Page_Formulr iadosti o piku (bez zabezpeeni_2a8278/span_ESRVS-2024-2168""), 0)",Chrome 123.0.0.0,,,17-04-2024 14:43:31,17-04-2024 14:44:19,"48,663s",PASSED
"identifikator = getText(findTestObject(""Page_Formulr iadosti o piku (bez zabezpeeni_2a8278/span_ESRVS-2024-2168""))",Chrome 123.0.0.0,,,17-04-2024 14:44:19,17-04-2024 14:44:20,"0,303s",PASSED
"verifyElementText(findTestObject(""Page_Formulr iadosti o piku (bez zabezpeeni_2a8278/span_ESRVS-2024-2168""), identifikator)",Chrome 123.0.0.0,,,17-04-2024 14:44:20,17-04-2024 14:44:20,"0,301s",PASSED
"setText(findTestObject(""Object Repository/Page_Formulr iadosti o piku (bez zabezpeeni_2a8278/input_Zadajte najvy zskan titul (v prpade v_aad6cd""), ""Ing."")",Chrome 123.0.0.0,,,17-04-2024 14:44:20,17-04-2024 14:44:21,"0,725s",PASSED
"click(findTestObject(""Page_Formulr iadosti o piku (bez zabezpeeni_2a8278/input_ttna prslunos_UI_V_ZP_in_Identifikacn_033c20""))",Chrome 123.0.0.0,,,17-04-2024 14:44:21,17-04-2024 14:44:21,"0,458s",PASSED
"verifyElementText(findTestObject(""Page_Formulr iadosti o piku (bez zabezpeeni_2a8278/span_Robert""), ""Robert"")",Chrome 123.0.0.0,,,17-04-2024 14:44:21,17-04-2024 14:44:21,"0,310s",PASSED
"verifyElementText(findTestObject(""Page_Formulr iadosti o piku (bez zabezpeeni_2a8278/span_Chamraz""), ""Chamraz"")",Chrome 123.0.0.0,,,17-04-2024 14:44:21,17-04-2024 14:44:22,"0,301s",PASSED
"verifyElementText(findTestObject(""Page_Formulr iadosti o piku (bez zabezpeeni_2a8278/span_0101031238""), ""0101031238"")",Chrome 123.0.0.0,,,17-04-2024 14:44:22,17-04-2024 14:44:22,"0,317s",PASSED
"verifyElementText(findTestObject(""Page_Formulr iadosti o piku (bez zabezpeeni_2a8278/span_03.01.2001""), ""03.01.2001"")",Chrome 123.0.0.0,,,17-04-2024 14:44:22,17-04-2024 14:44:22,"0,306s",PASSED
"setText(findTestObject(""Object Repository/Page_Formulr iadosti o piku (bez zabezpeeni_2a8278/input_Zadajte PS trvalho pobytu_UI_V_ZP_in__f1f09d""), ""04568"")",Chrome 123.0.0.0,,,17-04-2024 14:44:22,17-04-2024 14:44:23,"0,659s",PASSED
"setText(findTestObject(""Object Repository/Page_Formulr iadosti o piku (bez zabezpeeni_2a8278/input_Zadajte kontaktn e-mailov adresu_UI_V_aee6cc""), ""barcik@ditec.sk"")",Chrome 123.0.0.0,,,17-04-2024 14:44:23,17-04-2024 14:44:24,"0,669s",PASSED
"setText(findTestObject(""Object Repository/Page_Formulr iadosti o piku (bez zabezpeeni_2a8278/input_Zadajte telefnne slo vrtane medzinrod_dbbd6c""), ""+421987456321"")",Chrome 123.0.0.0,,,17-04-2024 14:44:24,17-04-2024 14:44:24,"0,792s",PASSED
"click(findTestObject(""Page_Formulr iadosti o piku (bez zabezpeeni_2a8278/input_Zhoduje sa Vaa korepondenn adresa s a_6ce0fa""))",Chrome 123.0.0.0,,,17-04-2024 14:44:24,17-04-2024 14:44:25,"0,369s",PASSED
"click(findTestObject(""Object Repository/Page_Formulr iadosti o piku (bez zabezpeeni_2a8278/button_Pokraova""))",Chrome 123.0.0.0,,,17-04-2024 14:44:25,17-04-2024 14:44:25,"0,379s",PASSED
"selectOptionByValue(findTestObject(""Object Repository/Page_Formulr iadosti o piku (bez zabezpeeni_2a8278/select_Hlavn                               _477f09""), ""1"", true)",Chrome 123.0.0.0,,,17-04-2024 14:44:25,17-04-2024 14:44:26,"1,111s",PASSED
"selectOptionByValue(findTestObject(""Page_Formulr iadosti o piku (bez zabezpeeni_2a8278/select_Hlavn2""), ""2"", false)",Chrome 123.0.0.0,,,17-04-2024 14:44:26,17-04-2024 14:44:27,"0,611s",PASSED
"click(findTestObject(""Object Repository/Page_Formulr iadosti o piku (bez zabezpeeni_2a8278/button_Uloi""))",Chrome 123.0.0.0,,,17-04-2024 14:44:27,17-04-2024 14:44:27,"0,585s",PASSED
"verifyElementPresent(findTestObject(""Object Repository/Page_Formulr iadosti o piku (bez zabezpeeni_2a8278/select_Vber Akadmia ozbrojench sl generla M_e1eb3a""), 0)",Chrome 123.0.0.0,,,17-04-2024 14:44:27,17-04-2024 14:44:28,"0,408s",PASSED
"selectOptionByValue(findTestObject(""Object Repository/Page_Formulr iadosti o piku (bez zabezpeeni_2a8278/select_Vber Fakulta priemyselnch technolgi _aa995f""), ""400000105"", true)",Chrome 123.0.0.0,,,17-04-2024 14:44:28,17-04-2024 14:44:29,"0,952s",PASSED
"verifyElementPresent(findTestObject(""Object Repository/Page_Formulr iadosti o piku (bez zabezpeeni_2a8278/input_Zadajte adresu koly_UI_V_ZP_in_SkolaS_4fb274""), 0)",Chrome 123.0.0.0,,,17-04-2024 14:44:29,17-04-2024 14:44:29,"0,291s",PASSED
"verifyElementPresent(findTestObject(""Object Repository/Page_Formulr iadosti o piku (bez zabezpeeni_2a8278/input_I. stupe_UI_V_ZP_in_SkolaSlovenska_St_7dbc3c""), 0)",Chrome 123.0.0.0,,,17-04-2024 14:44:29,17-04-2024 14:44:29,"0,301s",PASSED
"verifyElementPresent(findTestObject(""Object Repository/Page_Formulr iadosti o piku (bez zabezpeeni_2a8278/select_1                                   _3dfe8f""), 0)",Chrome 123.0.0.0,,,17-04-2024 14:44:29,17-04-2024 14:44:30,"0,311s",PASSED
"click(findTestObject(""Object Repository/Page_Formulr iadosti o piku (bez zabezpeeni_2a8278/input_Zobrazi detail_UI_V_ZP_in_SkolaSloven_03cebd""))",Chrome 123.0.0.0,,,17-04-2024 14:44:30,17-04-2024 14:44:30,"0,382s",PASSED
"verifyElementChecked(findTestObject(""Object Repository/Page_Formulr iadosti o piku (bez zabezpeeni_2a8278/input_tudujete sbene aj na inej fakulte  vy_e867b7""), 0)",Chrome 123.0.0.0,"checkbox subezne studium
",,17-04-2024 14:44:30,17-04-2024 14:44:30,"0,312s",PASSED
"verifyElementPresent(findTestObject(""Object Repository/Page_Formulr iadosti o piku (bez zabezpeeni_2a8278/select_Vber Akadmia ozbrojench sl generla M_e1eb3a_1 (1)""), 0)",Chrome 123.0.0.0,,,17-04-2024 14:44:30,17-04-2024 14:44:31,"0,300s",PASSED
"verifyElementPresent(findTestObject(""Object Repository/Page_Formulr iadosti o piku (bez zabezpeeni_2a8278/select_Vber Evanjelick bohosloveck fakulta _9b66ac""), 0)",Chrome 123.0.0.0,,,17-04-2024 14:44:31,17-04-2024 14:44:31,"0,295s",PASSED
"verifyElementPresent(findTestObject(""Object Repository/Page_Formulr iadosti o piku (bez zabezpeeni_2a8278/input_II. stupe_UI_V_ZP_in_DalsieStudiumSlo_199592""), 0)",Chrome 123.0.0.0,,,17-04-2024 14:44:31,17-04-2024 14:44:31,"0,311s",PASSED
"selectOptionByValue(findTestObject(""Object Repository/Page_Formulr iadosti o piku (bez zabezpeeni_2a8278/select_1                                   _4271de""), ""4"", true)",Chrome 123.0.0.0,,,17-04-2024 14:44:31,17-04-2024 14:44:32,"0,936s",PASSED
"setText(findTestObject(""Object Repository/Page_Formulr iadosti o piku (bez zabezpeeni_2a8278/input_Mesiac_UI_V_ZP_in_DalsieStudiumSloven_ae0432""), ""6"")",Chrome 123.0.0.0,,,17-04-2024 14:44:32,17-04-2024 14:44:33,"0,647s",PASSED
"setText(findTestObject(""Object Repository/Page_Formulr iadosti o piku (bez zabezpeeni_2a8278/input_Rok_UI_V_ZP_in_DalsieStudiumSlovenska_e3d9a8""), ""2026"")",Chrome 123.0.0.0,,,17-04-2024 14:44:33,17-04-2024 14:44:34,"0,644s",PASSED
"setText(findTestObject(""Object Repository/Page_Formulr iadosti o piku (bez zabezpeeni_2a8278/input_Mesiac_UI_V_ZP_in_SkolaSlovenska_Datu_9c1a47""), ""5"")",Chrome 123.0.0.0,,,17-04-2024 14:44:34,17-04-2024 14:44:34,"0,636s",PASSED
"setText(findTestObject(""Object Repository/Page_Formulr iadosti o piku (bez zabezpeeni_2a8278/input_Rok_UI_V_ZP_in_SkolaSlovenska_DatumSt_7956e6""), ""2027"")",Chrome 123.0.0.0,,,17-04-2024 14:44:34,17-04-2024 14:44:35,"0,667s",PASSED
"click(findTestObject(""Object Repository/Page_Formulr iadosti o piku (bez zabezpeeni_2a8278/input_Rok_UI_V_ZP_in_DalsieStudiumSlovenska_e3d9a8""))",Chrome 123.0.0.0,,,17-04-2024 14:44:35,17-04-2024 14:44:35,"0,347s",PASSED
"verifyElementClickable(findTestObject(""Object Repository/Page_Formulr iadosti o piku (bez zabezpeeni_2a8278/button_Pokraova""))",Chrome 123.0.0.0,,,17-04-2024 14:44:35,17-04-2024 14:44:36,"0,414s",PASSED
"click(findTestObject(""Object Repository/Page_Formulr iadosti o piku (bez zabezpeeni_2a8278/button_Pokraova""))",Chrome 123.0.0.0,,,17-04-2024 14:44:36,17-04-2024 14:44:36,"0,335s",PASSED
"setText(findTestObject(""Object Repository/Page_Formulr iadosti o piku (bez zabezpeeni_2a8278/input_tudent  III. stupa vysokokolskho tdia_8c32d4""), ""2000"")",Chrome 123.0.0.0,,,17-04-2024 14:44:36,17-04-2024 14:44:37,"0,755s",PASSED
"setText(findTestObject(""Object Repository/Page_Formulr iadosti o piku (bez zabezpeeni_2a8278/input_Zadajte poadovan splatnos piky na cel_96d0f4""), ""10"")",Chrome 123.0.0.0,,,17-04-2024 14:44:37,17-04-2024 14:44:37,"0,620s",PASSED
"click(findTestObject(""Object Repository/Page_Formulr iadosti o piku (bez zabezpeeni_2a8278/button_Pokraova""))",Chrome 123.0.0.0,,,17-04-2024 14:44:37,17-04-2024 14:44:38,"0,539s",PASSED
"click(findTestObject(""Object Repository/Page_Formulr iadosti o piku (bez zabezpeeni_2a8278/input_Oznamu o monosti predkladania iadost _3ca0bd""))",Chrome 123.0.0.0,,,17-04-2024 14:44:38,17-04-2024 14:44:38,"0,452s",PASSED
"click(findTestObject(""Object Repository/Page_Formulr iadosti o piku (bez zabezpeeni_2a8278/input_Nie_typ-8""))",Chrome 123.0.0.0,,,17-04-2024 14:44:38,17-04-2024 14:44:39,"0,575s",PASSED
"click(findTestObject(""Object Repository/Page_Formulr iadosti o piku (bez zabezpeeni_2a8278/input_Nie_typ-9""))",Chrome 123.0.0.0,,,17-04-2024 14:44:39,17-04-2024 14:44:39,"0,359s",PASSED
"click(findTestObject(""Object Repository/Page_Formulr iadosti o piku (bez zabezpeeni_2a8278/button_Pokraova""))",Chrome 123.0.0.0,,,17-04-2024 14:44:39,17-04-2024 14:44:40,"0,339s",PASSED
"click(findTestObject(""Object Repository/Page_Formulr iadosti o piku (bez zabezpeeni_2a8278/button_Detail""))",Chrome 123.0.0.0,,,17-04-2024 14:44:40,17-04-2024 14:44:40,"0,501s",PASSED
"click(findTestObject(""Object Repository/Page_Formulr iadosti o piku (bez zabezpeeni_2a8278/input_Potvrdenie o nvteve V v SR (iadate)_s_46946e""))",Chrome 123.0.0.0,,,17-04-2024 14:44:40,17-04-2024 14:44:41,"0,565s",PASSED
"click(findTestObject(""Object Repository/Page_Formulr iadosti o piku (bez zabezpeeni_2a8278/button_Uloi_1""))",Chrome 123.0.0.0,,,17-04-2024 14:44:41,17-04-2024 14:44:41,"0,360s",PASSED
"click(findTestObject(""Object Repository/Page_Formulr iadosti o piku (bez zabezpeeni_2a8278/button_Detail_1""))",Chrome 123.0.0.0,,,17-04-2024 14:44:41,17-04-2024 14:44:41,"0,468s",PASSED
"click(findTestObject(""Object Repository/Page_Formulr iadosti o piku (bez zabezpeeni_2a8278/input_Potvrdenie o nvteve V v SR (iadate)_s_46946e""))",Chrome 123.0.0.0,,,17-04-2024 14:44:41,17-04-2024 14:44:42,"0,454s",PASSED
"click(findTestObject(""Object Repository/Page_Formulr iadosti o piku (bez zabezpeeni_2a8278/button_Uloi_1""))",Chrome 123.0.0.0,,,17-04-2024 14:44:42,17-04-2024 14:44:42,"0,322s",PASSED
"click(findTestObject(""Object Repository/Page_Formulr iadosti o piku (bez zabezpeeni_2a8278/button_Detail_1_2""))",Chrome 123.0.0.0,,,17-04-2024 14:44:42,17-04-2024 14:44:43,"0,597s",PASSED
"click(findTestObject(""Object Repository/Page_Formulr iadosti o piku (bez zabezpeeni_2a8278/input_Potvrdenie o nvteve V v SR (iadate)_s_46946e""))",Chrome 123.0.0.0,,,17-04-2024 14:44:43,17-04-2024 14:44:43,"0,546s",PASSED
"click(findTestObject(""Object Repository/Page_Formulr iadosti o piku (bez zabezpeeni_2a8278/button_Uloi_1""))",Chrome 123.0.0.0,,,17-04-2024 14:44:43,17-04-2024 14:44:44,"0,322s",PASSED
"click(findTestObject(""Object Repository/Page_Formulr iadosti o piku (bez zabezpeeni_2a8278/button_Detail_1_2_3""))",Chrome 123.0.0.0,,,17-04-2024 14:44:44,17-04-2024 14:44:44,"0,493s",PASSED
"uploadFile(findTestObject(""Page_Formulr iadosti o piku (bez zabezpeenia ruiteom)  Elektronick sluby portlu regionlneho a vysokho kolstva/input_Uloi_file-upload-field""), ""C:\Users\barcik\Downloads\form.573.Prehlad-24-potvrdenie-print-save_5a11da50-9aec-4f8b-a1a0-d42325a914a4.pdf"")",Chrome 123.0.0.0,,,17-04-2024 14:44:44,17-04-2024 14:44:45,"0,521s",PASSED
"click(findTestObject(""Page_Formulr iadosti o piku (bez zabezpeeni_2a8278/button_Uloi_2""))",Chrome 123.0.0.0,,,17-04-2024 14:44:45,17-04-2024 14:44:45,"0,468s",PASSED
"click(findTestObject(""Object Repository/Page_Formulr iadosti o piku (bez zabezpeeni_2a8278/button_Detail_1_2_3_4""))",Chrome 123.0.0.0,,,17-04-2024 14:44:45,17-04-2024 14:44:46,"0,491s",PASSED
"uploadFile(findTestObject(""Page_Formulr iadosti o piku (bez zabezpeenia ruiteom)  Elektronick sluby portlu regionlneho a vysokho kolstva/input_Uloi_file-upload-field""), ""C:\Users\barcik\Downloads\form.573.Prehlad-24-potvrdenie-print-save_5a11da50-9aec-4f8b-a1a0-d42325a914a4.pdf"")",Chrome 123.0.0.0,,,17-04-2024 14:44:46,17-04-2024 14:44:46,"0,475s",PASSED
"click(findTestObject(""Page_Formulr iadosti o piku (bez zabezpeeni_2a8278/button_Uloi_2""))",Chrome 123.0.0.0,,,17-04-2024 14:44:46,17-04-2024 14:44:47,"0,504s",PASSED
"click(findTestObject(""Object Repository/Page_Formulr iadosti o piku (bez zabezpeeni_2a8278/button_Detail_1_2_3_4_5""))",Chrome 123.0.0.0,,,17-04-2024 14:44:47,17-04-2024 14:44:47,"0,475s",PASSED
"uploadFile(findTestObject(""Page_Formulr iadosti o piku (bez zabezpeenia ruiteom)  Elektronick sluby portlu regionlneho a vysokho kolstva/input_Uloi_file-upload-field""), ""C:\Users\barcik\Downloads\form.573.Prehlad-24-potvrdenie-print-save_5a11da50-9aec-4f8b-a1a0-d42325a914a4.pdf"")",Chrome 123.0.0.0,,,17-04-2024 14:44:47,17-04-2024 14:44:48,"0,574s",PASSED
"click(findTestObject(""Page_Formulr iadosti o piku (bez zabezpeeni_2a8278/button_Uloi_2""))",Chrome 123.0.0.0,,,17-04-2024 14:44:48,17-04-2024 14:44:48,"0,454s",PASSED
"setText(findTestObject(""Object Repository/Page_Formulr iadosti o piku (bez zabezpeeni_2a8278/input_Zadajte miesto odoslania iadosti_UI_V_59ba54""), ""Bratislava"")",Chrome 123.0.0.0,,,17-04-2024 14:44:48,17-04-2024 14:44:49,"0,870s",PASSED
"click(findTestObject(""Object Repository/Page_Formulr iadosti o piku (bez zabezpeeni_2a8278/button_Pokraova""))",Chrome 123.0.0.0,,,17-04-2024 14:44:49,17-04-2024 14:44:50,"0,454s",PASSED
"click(findTestObject(""Page_Formulr iadosti o piku (bez zabezpeenia ruiteom)  Elektronick sluby portlu regionlneho a vysokho kolstva/label_estne vyhlasujem, e vetky daje uveden v iadosti  s pravdiv a som si plne vedom prvnych nsledkov v prpade uvedenia nepravdivch dajov""))",Chrome 123.0.0.0,,,17-04-2024 14:44:50,17-04-2024 14:44:51,"1,793s",PASSED
"click(findTestObject(""Page_Formulr iadosti o piku (bez zabezpeenia ruiteom)  Elektronick sluby portlu regionlneho a vysokho kolstva/label_Beriem na vedomie, e v slade s  17 ods. 8 zkona o FnPV fond zverejuje na svojom webovom sdle zoznam schvlench piiek, ktor obsahuje meno a priezvisko iadatea, ktormu bolo poskytnutie piky schvlen, dln sumu, lehotu s""))",Chrome 123.0.0.0,,,17-04-2024 14:44:51,17-04-2024 14:44:52,"0,372s",PASSED
"click(findTestObject(""Object Repository/Page_Formulr iadosti o piku (bez zabezpeeni_2a8278/button_Podpsa iados o piku kvalifikovanm el_0eb4be""))",Chrome 123.0.0.0,,,17-04-2024 14:44:52,17-04-2024 14:44:52,"0,567s",PASSED
"verifyElementPresent(findTestObject(""Object Repository/Page_Formulr iadosti o piku (bez zabezpeeni_2a8278/h1_Podvanie iadosti o piku pre tudentov z F_127594""), 0)",Chrome 123.0.0.0,,,17-04-2024 14:44:52,17-04-2024 14:44:53,"0,512s",PASSED
"click(findTestObject(""Object Repository/Page_Formulr iadosti o piku (bez zabezpeeni_2a8278/button_Podpsa""))",Chrome 123.0.0.0,,,17-04-2024 14:44:53,17-04-2024 14:44:53,"0,347s",PASSED
delay(10),Chrome 123.0.0.0,,,17-04-2024 14:44:53,17-04-2024 14:45:03,"10,017s",PASSED
podpisovac.podpisFormular(),Chrome 123.0.0.0,,,17-04-2024 14:45:03,17-04-2024 14:45:29,"25,976s",PASSED
"click(findTestObject(""Object Repository/Page_Formulr iadosti o piku (bez zabezpeeni_2a8278/button_Odosla""))",Chrome 123.0.0.0,,,17-04-2024 14:45:29,17-04-2024 14:45:30,"0,510s",PASSED
"verifyElementText(findTestObject(""Object Repository/Page_Formulr iadosti o piku (bez zabezpeeni_2a8278/h1_daje zo iadosti o piku boli odoslan""), ""Údaje zo žiadosti o pôžičku boli odoslané."")",Chrome 123.0.0.0,,,17-04-2024 14:45:30,17-04-2024 14:45:55,"25,713s",PASSED
"click(findTestObject(""Object Repository/Page_Formulr iadosti o piku (bez zabezpeeni_2a8278/button_Prejs na domovsk strnku""))",Chrome 123.0.0.0,,,17-04-2024 14:45:55,17-04-2024 14:45:56,"0,886s",PASSED
"click(findTestObject(""Page_Portl elektronickch sluieb regionlneho_9bdbd3/a_Privtna zna""))",Chrome 123.0.0.0,,,17-04-2024 14:45:56,17-04-2024 14:45:57,"0,515s",PASSED
"click(findTestObject(""Page_Portl elektronickch sluieb regionlneho_9bdbd3/div_Zoznam rozpracovanch podan_icon-blue""))",Chrome 123.0.0.0,,,17-04-2024 14:45:57,17-04-2024 14:45:58,"0,872s",PASSED
"setText(findTestObject(""Page_Zoznam odoslanch podan  Elektronick sl_14b0c6/input_Identifiktor_identifikator""), identifikator)",Chrome 123.0.0.0,,,17-04-2024 14:45:58,17-04-2024 14:46:00,"2,391s",PASSED
"click(findTestObject(""Page_Zoznam odoslanch podan  Elektronick sl_14b0c6/button_Vyhada""))",Chrome 123.0.0.0,,,17-04-2024 14:46:00,17-04-2024 14:46:00,"0,346s",PASSED
"click(findTestObject(""Page_Zoznam odoslanch podan  Elektronick sl_14b0c6/a_Detail""))",Chrome 123.0.0.0,,,17-04-2024 14:46:00,17-04-2024 14:46:02,"1,656s",PASSED
"verifyElementText(findTestObject(""Object Repository/Page_Detail podania  Elektronick sluby port_bcdefc/span_ESRVS-2024-2168""), identifikator)",Chrome 123.0.0.0,,,17-04-2024 14:46:02,17-04-2024 14:46:10,"8,405s",PASSED
"verifyElementText(findTestObject(""Page_Detail podania  Elektronick sluby port_bcdefc/span_Robert Chamraz""), ""Robert Chamraz"")",Chrome 123.0.0.0,,,17-04-2024 14:46:10,17-04-2024 14:46:11,"0,337s",PASSED
"verifyElementText(findTestObject(""Page_Detail podania  Elektronick sluby port_bcdefc/span_Podvanie iadosti o piku pre tudentov z_b27195""), ""Podávanie žiadosti o pôžičku pre študentov z Fondu na podporu vzdelávania (bez ručitela)"")",Chrome 123.0.0.0,,,17-04-2024 14:46:11,17-04-2024 14:46:11,"0,305s",PASSED
"click(findTestObject(""Page_Detail podania  Elektronick sluby port_bcdefc/a_Odhlsi""))",Chrome 123.0.0.0,,,17-04-2024 14:46:11,17-04-2024 14:46:14,"3,410s",PASSED
"verifyElementPresent(findTestObject(""Page_Portl elektronickch sluieb regionlneho_9bdbd3/a_Prihlsi sa""), 0)",Chrome 123.0.0.0,,,17-04-2024 14:46:14,17-04-2024 14:46:15,"0,659s",PASSED
closeBrowser(),Chrome 123.0.0.0,,,17-04-2024 14:46:15,17-04-2024 14:46:15,"0,326s",PASSED
delay(30),Chrome 123.0.0.0,,,17-04-2024 14:46:15,17-04-2024 14:46:45,"30,009s",PASSED
"mail.kontrolaMailu(2, identifikator)",Chrome 123.0.0.0,,,17-04-2024 14:46:45,17-04-2024 14:47:26,"40,084s",FAILED
,,,,,,,
Test Cases/Pozicky B/PozickaB_399079,Chrome 123.0.0.0,"Služba7.2.4.B Žiadosť o pôžičku pre študentov (bez zabezpečenia ručiteľom), autorizácia AD účtom, odoslanie nepodpísanej žiadosti - Slovák žijúci v zahraničí - odlišná  korešpondenčná adresa od trvalého pobytu - len Hlavné štúdium",,17-04-2024 14:47:26,17-04-2024 14:49:51,"2m - 25,016s",PASSED
"openBrowser("""")",Chrome 123.0.0.0,,,17-04-2024 14:47:26,17-04-2024 14:47:28,"1,677s",PASSED
"navigateToUrl(""https://es-test.minedu.sk/"")",Chrome 123.0.0.0,,,17-04-2024 14:47:28,17-04-2024 14:47:32,"4,571s",PASSED
maximizeWindow(),Chrome 123.0.0.0,,,17-04-2024 14:47:32,17-04-2024 14:47:32,"0,139s",PASSED
"click(findTestObject(""Object Repository/Page_Portl elektronickch sluieb regionlneho_9bdbd3/a_Shlasm""))",Chrome 123.0.0.0,,,17-04-2024 14:47:32,17-04-2024 14:47:33,"0,390s",PASSED
"click(findTestObject(""Object Repository/Page_Portl elektronickch sluieb regionlneho_9bdbd3/a_Prihlsi sa""))",Chrome 123.0.0.0,,,17-04-2024 14:47:33,17-04-2024 14:47:36,"2,680s",PASSED
"click(findTestObject(""Object Repository/Page_Spsoby prihlsenia sa na portl - Iam.Web/div_Registranho formulra_icon""))",Chrome 123.0.0.0,,,17-04-2024 14:47:36,17-04-2024 14:47:36,"0,528s",PASSED
"setText(findTestObject(""Object Repository/Page_Identifiktor a heslo fyzickej osoby - Iam.Web/input_Zadajte svoj identifiktor_DomainName""), ""930382290"")",Chrome 123.0.0.0,,,17-04-2024 14:47:36,17-04-2024 14:47:37,"0,675s",PASSED
"setEncryptedText(findTestObject(""Object Repository/Page_Identifiktor a heslo fyzickej osoby - Iam.Web/input_Zadajte svoje prihlasovacie heslo_Password""), ""U8nf8IyamTpUg019is4peg=="")",Chrome 123.0.0.0,,,17-04-2024 14:47:37,17-04-2024 14:47:37,"0,401s",PASSED
"click(findTestObject(""Object Repository/Page_Identifiktor a heslo fyzickej osoby - Iam.Web/input_Zabudnut heslo_btn-continue""))",Chrome 123.0.0.0,,,17-04-2024 14:47:37,17-04-2024 14:47:39,"2,093s",PASSED
"click(findTestObject(""Object Repository/Page_Portl elektronickch sluieb regionlneho_9bdbd3/a_tudent""))",Chrome 123.0.0.0,,,17-04-2024 14:47:39,17-04-2024 14:47:41,"1,929s",PASSED
"click(findTestObject(""Object Repository/Page_Elektronick sluby pre tudentov  Elektr_37b4bf/a_Podvanie iadosti o piku pre tudentov z Fo_135f09""))",Chrome 123.0.0.0,,,17-04-2024 14:47:41,17-04-2024 14:47:42,"1,250s",PASSED
"click(findTestObject(""Object Repository/Page_Podvanie iadosti o piku pre tudentov z_37fe9e/a_Prejs na iados o piku (bez zabezpeenia ruiteom)""))",Chrome 123.0.0.0,,,17-04-2024 14:47:42,17-04-2024 14:47:46,"3,473s",PASSED
"waitForElementVisible(findTestObject(""Object Repository/Page_Formulr iadosti o piku (bez zabezpeeni_2a8278/span_ESRVS-2024-2148""), 0)",Chrome 123.0.0.0,,,17-04-2024 14:47:46,17-04-2024 14:48:09,"23,454s",PASSED
"identifikator = getText(findTestObject(""Object Repository/Page_Formulr iadosti o piku (bez zabezpeeni_2a8278/span_ESRVS-2024-2148""))",Chrome 123.0.0.0,,,17-04-2024 14:48:09,17-04-2024 14:48:10,"0,425s",PASSED
"verifyElementText(findTestObject(""Object Repository/Page_Formulr iadosti o piku (bez zabezpeeni_2a8278/span_ESRVS-2024-2148""), identifikator, OPTIONAL)",Chrome 123.0.0.0,,,17-04-2024 14:48:10,17-04-2024 14:48:10,"0,313s",PASSED
"setText(findTestObject(""Object Repository/Page_Formulr iadosti o piku (bez zabezpeeni_2a8278/input_Zadajte PS trvalho pobytu_UI_V_ZP_in__f1f09d""), ""05687"")",Chrome 123.0.0.0,,,17-04-2024 14:48:10,17-04-2024 14:48:11,"0,730s",PASSED
"setText(findTestObject(""Object Repository/Page_Formulr iadosti o piku (bez zabezpeeni_2a8278/input_Zadajte kontaktn e-mailov adresu_UI_V_aee6cc""), ""barcik@ditec.sk"")",Chrome 123.0.0.0,,,17-04-2024 14:48:11,17-04-2024 14:48:12,"0,788s",PASSED
"setText(findTestObject(""Object Repository/Page_Formulr iadosti o piku (bez zabezpeeni_2a8278/input_Zadajte najvy zskan titul (v prpade v_aad6cd""), ""Ing."")",Chrome 123.0.0.0,,,17-04-2024 14:48:12,17-04-2024 14:48:12,"0,791s",PASSED
"setText(findTestObject(""Object Repository/Page_Formulr iadosti o piku (bez zabezpeeni_2a8278/input_Zadajte telefnne slo vrtane medzinrod_dbbd6c""), ""+421950654789"")",Chrome 123.0.0.0,,,17-04-2024 14:48:12,17-04-2024 14:48:13,"0,654s",PASSED
"click(findTestObject(""Object Repository/Page_Formulr iadosti o piku (bez zabezpeeni_2a8278/button_Pokraova""))",Chrome 123.0.0.0,,,17-04-2024 14:48:13,17-04-2024 14:48:13,"0,351s",PASSED
"selectOptionByValue(findTestObject(""Object Repository/Page_Formulr iadosti o piku (bez zabezpeeni_2a8278/select_Hlavn                               _477f09""), ""1"", true)",Chrome 123.0.0.0,,,17-04-2024 14:48:13,17-04-2024 14:48:15,"1,202s",PASSED
"selectOptionByValue(findTestObject(""Page_Formulr iadosti o piku (bez zabezpeeni_2a8278/select_Hlavn2""), ""2"", false)",Chrome 123.0.0.0,,,17-04-2024 14:48:15,17-04-2024 14:48:15,"0,662s",PASSED
"click(findTestObject(""Object Repository/Page_Formulr iadosti o piku (bez zabezpeeni_2a8278/button_Uloi""))",Chrome 123.0.0.0,,,17-04-2024 14:48:15,17-04-2024 14:48:16,"0,551s",PASSED
"selectOptionByValue(findTestObject(""Object Repository/Page_Formulr iadosti o piku (bez zabezpeeni_2a8278/select_Vber Fakulta priemyselnch technolgi _aa995f""), ""400000105"", true)",Chrome 123.0.0.0,,,17-04-2024 14:48:16,17-04-2024 14:48:17,"1,112s",PASSED
"verifyElementPresent(findTestObject(""Object Repository/Page_Formulr iadosti o piku (bez zabezpeeni_2a8278/input_Zadajte adresu koly_UI_V_ZP_in_SkolaS_4fb274""), 0, OPTIONAL)",Chrome 123.0.0.0,,,17-04-2024 14:48:17,17-04-2024 14:48:17,"0,300s",PASSED
"verifyElementPresent(findTestObject(""Object Repository/Page_Formulr iadosti o piku (bez zabezpeeni_2a8278/input_De_UI_V_ZP_in_SkolaSlovenska_DatumZapisu-day""), 0, OPTIONAL)",Chrome 123.0.0.0,,,17-04-2024 14:48:17,17-04-2024 14:48:18,"0,316s",PASSED
"verifyElementPresent(findTestObject(""Object Repository/Page_Formulr iadosti o piku (bez zabezpeeni_2a8278/input_Mesiac_UI_V_ZP_in_SkolaSlovenska_Datu_c1c0f2""), 0, OPTIONAL)",Chrome 123.0.0.0,,,17-04-2024 14:48:18,17-04-2024 14:48:18,"0,298s",PASSED
"verifyElementPresent(findTestObject(""Object Repository/Page_Formulr iadosti o piku (bez zabezpeeni_2a8278/input_Rok_UI_V_ZP_in_SkolaSlovenska_DatumZa_88e07d""), 0, OPTIONAL)",Chrome 123.0.0.0,,,17-04-2024 14:48:18,17-04-2024 14:48:18,"0,310s",PASSED
"verifyElementPresent(findTestObject(""Object Repository/Page_Formulr iadosti o piku (bez zabezpeeni_2a8278/input_I. stupe_UI_V_ZP_in_SkolaSlovenska_St_7dbc3c""), 0, OPTIONAL)",Chrome 123.0.0.0,,,17-04-2024 14:48:18,17-04-2024 14:48:18,"0,286s",PASSED
"verifyElementPresent(findTestObject(""Object Repository/Page_Formulr iadosti o piku (bez zabezpeeni_2a8278/select_1                                   _3dfe8f""), 0, OPTIONAL)",Chrome 123.0.0.0,,,17-04-2024 14:48:18,17-04-2024 14:48:19,"0,296s",PASSED
"click(findTestObject(""Object Repository/Page_Formulr iadosti o piku (bez zabezpeeni_2a8278/input_Zobrazi detail_UI_V_ZP_in_SkolaSloven_03cebd""))",Chrome 123.0.0.0,,,17-04-2024 14:48:19,17-04-2024 14:48:19,"0,342s",PASSED
"setText(findTestObject(""Object Repository/Page_Formulr iadosti o piku (bez zabezpeeni_2a8278/input_Mesiac_UI_V_ZP_in_SkolaSlovenska_Datu_9c1a47""), ""5"")",Chrome 123.0.0.0,,,17-04-2024 14:48:19,17-04-2024 14:48:20,"0,656s",PASSED
"setText(findTestObject(""Object Repository/Page_Formulr iadosti o piku (bez zabezpeeni_2a8278/input_Rok_UI_V_ZP_in_SkolaSlovenska_DatumSt_7956e6""), ""2027"")",Chrome 123.0.0.0,,,17-04-2024 14:48:20,17-04-2024 14:48:20,"0,646s",PASSED
"verifyElementPresent(findTestObject(""Object Repository/Page_Formulr iadosti o piku (bez zabezpeeni_2a8278/input_tudujete sbene aj na inej fakulte  vy_e867b7""), 0, OPTIONAL)",Chrome 123.0.0.0,,,17-04-2024 14:48:20,17-04-2024 14:48:21,"0,298s",PASSED
"verifyElementPresent(findTestObject(""Object Repository/Page_Formulr iadosti o piku (bez zabezpeeni_2a8278/select_Vber Akadmia ozbrojench sl generla M_e1eb3a""), 0, OPTIONAL)",Chrome 123.0.0.0,,,17-04-2024 14:48:21,17-04-2024 14:48:21,"0,295s",PASSED
"verifyElementPresent(findTestObject(""Object Repository/Page_Formulr iadosti o piku (bez zabezpeeni_2a8278/select_Vber Evanjelick bohosloveck fakulta _9b66ac""), 0, OPTIONAL)",Chrome 123.0.0.0,,,17-04-2024 14:48:21,17-04-2024 14:48:21,"0,303s",PASSED
"selectOptionByValue(findTestObject(""Object Repository/Page_Formulr iadosti o piku (bez zabezpeeni_2a8278/select_1                                   _4271de""), ""4"", true)",Chrome 123.0.0.0,,,17-04-2024 14:48:21,17-04-2024 14:48:22,"1,006s",PASSED
"verifyElementPresent(findTestObject(""Object Repository/Page_Formulr iadosti o piku (bez zabezpeeni_2a8278/input_II. stupe_UI_V_ZP_in_DalsieStudiumSlo_199592""), 0, OPTIONAL)",Chrome 123.0.0.0,,,17-04-2024 14:48:22,17-04-2024 14:48:23,"0,295s",PASSED
"setText(findTestObject(""Object Repository/Page_Formulr iadosti o piku (bez zabezpeeni_2a8278/input_Mesiac_UI_V_ZP_in_DalsieStudiumSloven_ae0432""), ""6"")",Chrome 123.0.0.0,,,17-04-2024 14:48:23,17-04-2024 14:48:23,"0,629s",PASSED
"setText(findTestObject(""Object Repository/Page_Formulr iadosti o piku (bez zabezpeeni_2a8278/input_Rok_UI_V_ZP_in_DalsieStudiumSlovenska_e3d9a8""), ""2026"")",Chrome 123.0.0.0,,,17-04-2024 14:48:23,17-04-2024 14:48:24,"0,661s",PASSED
"click(findTestObject(""Object Repository/Page_Formulr iadosti o piku (bez zabezpeeni_2a8278/button_Pokraova""))",Chrome 123.0.0.0,,,17-04-2024 14:48:24,17-04-2024 14:48:24,"0,334s",PASSED
"setText(findTestObject(""Object Repository/Page_Formulr iadosti o piku (bez zabezpeeni_2a8278/input_tudent  III. stupa vysokokolskho tdia_8c32d4""), ""2000"")",Chrome 123.0.0.0,,,17-04-2024 14:48:24,17-04-2024 14:48:25,"0,907s",PASSED
"setText(findTestObject(""Object Repository/Page_Formulr iadosti o piku (bez zabezpeeni_2a8278/input_Zadajte poadovan splatnos piky na cel_96d0f4""), ""10"")",Chrome 123.0.0.0,,,17-04-2024 14:48:25,17-04-2024 14:48:26,"0,663s",PASSED
"click(findTestObject(""Object Repository/Page_Formulr iadosti o piku (bez zabezpeeni_2a8278/button_Pokraova""))",Chrome 123.0.0.0,,,17-04-2024 14:48:26,17-04-2024 14:48:26,"0,452s",PASSED
"click(findTestObject(""Object Repository/Page_Formulr iadosti o piku (bez zabezpeeni_2a8278/input_Oznamu o monosti predkladania iadost _3ca0bd""))",Chrome 123.0.0.0,,,17-04-2024 14:48:26,17-04-2024 14:48:27,"0,509s",PASSED
"click(findTestObject(""Object Repository/Page_Formulr iadosti o piku (bez zabezpeeni_2a8278/button_Pokraova""))",Chrome 123.0.0.0,,,17-04-2024 14:48:27,17-04-2024 14:48:27,"0,550s",PASSED
"click(findTestObject(""Object Repository/Page_Formulr iadosti o piku (bez zabezpeeni_2a8278/button_Detail""))",Chrome 123.0.0.0,,,17-04-2024 14:48:27,17-04-2024 14:48:28,"0,458s",PASSED
"click(findTestObject(""Object Repository/Page_Formulr iadosti o piku (bez zabezpeeni_2a8278/input_Potvrdenie o nvteve V v SR (iadate)_s_46946e""))",Chrome 123.0.0.0,,,17-04-2024 14:48:28,17-04-2024 14:48:28,"0,550s",PASSED
"click(findTestObject(""Object Repository/Page_Formulr iadosti o piku (bez zabezpeeni_2a8278/button_Uloi_1""))",Chrome 123.0.0.0,,,17-04-2024 14:48:28,17-04-2024 14:48:29,"0,341s",PASSED
"click(findTestObject(""Object Repository/Page_Formulr iadosti o piku (bez zabezpeeni_2a8278/button_Detail_1""))",Chrome 123.0.0.0,,,17-04-2024 14:48:29,17-04-2024 14:48:29,"0,455s",PASSED
"click(findTestObject(""Object Repository/Page_Formulr iadosti o piku (bez zabezpeeni_2a8278/input_Potvrdenie o nvteve V v SR (iadate)_s_46946e""))",Chrome 123.0.0.0,,,17-04-2024 14:48:29,17-04-2024 14:48:30,"0,561s",PASSED
"click(findTestObject(""Object Repository/Page_Formulr iadosti o piku (bez zabezpeeni_2a8278/button_Uloi_1""))",Chrome 123.0.0.0,,,17-04-2024 14:48:30,17-04-2024 14:48:30,"0,332s",PASSED
"click(findTestObject(""Object Repository/Page_Formulr iadosti o piku (bez zabezpeeni_2a8278/button_Detail_1_2""))",Chrome 123.0.0.0,,,17-04-2024 14:48:30,17-04-2024 14:48:31,"0,558s",PASSED
"click(findTestObject(""Object Repository/Page_Formulr iadosti o piku (bez zabezpeeni_2a8278/input_Potvrdenie o nvteve V v SR (iadate)_s_46946e""))",Chrome 123.0.0.0,,,17-04-2024 14:48:31,17-04-2024 14:48:31,"0,474s",PASSED
"click(findTestObject(""Object Repository/Page_Formulr iadosti o piku (bez zabezpeeni_2a8278/button_Uloi_1""))",Chrome 123.0.0.0,,,17-04-2024 14:48:31,17-04-2024 14:48:31,"0,336s",PASSED
"setText(findTestObject(""Object Repository/Page_Formulr iadosti o piku (bez zabezpeeni_2a8278/input_Zadajte miesto odoslania iadosti_UI_V_59ba54""), ""Bratislava"")",Chrome 123.0.0.0,,,17-04-2024 14:48:31,17-04-2024 14:48:32,"0,863s",PASSED
"click(findTestObject(""Object Repository/Page_Formulr iadosti o piku (bez zabezpeeni_2a8278/button_Pokraova""))",Chrome 123.0.0.0,,,17-04-2024 14:48:32,17-04-2024 14:48:33,"0,566s",PASSED
"verifyElementText(findTestObject(""Object Repository/Page_Formulr iadosti o piku (bez zabezpeeni_2a8278/div_ESRVS-2024-2148""), identifikator, OPTIONAL)",Chrome 123.0.0.0,,,17-04-2024 14:48:33,17-04-2024 14:48:34,"0,808s",PASSED
"click(findTestObject(""Object Repository/Page_Formulr iadosti o piku (bez zabezpeeni_2a8278/input_shlasm so zskanm dajov z referennch r_c9102a""))",Chrome 123.0.0.0,,,17-04-2024 14:48:34,17-04-2024 14:48:34,"0,354s",PASSED
"click(findTestObject(""Object Repository/Page_Formulr iadosti o piku (bez zabezpeeni_2a8278/input_www.fnpv.sk_UI_V_ZP_in_CHB_OsobneUdaj_50afb9""))",Chrome 123.0.0.0,,,17-04-2024 14:48:34,17-04-2024 14:48:34,"0,335s",PASSED
"click(findTestObject(""Object Repository/Page_Formulr iadosti o piku (bez zabezpeeni_2a8278/button_Odosla nepodpsan iados o piku a vytl_be1331""))",Chrome 123.0.0.0,,,17-04-2024 14:48:34,17-04-2024 14:48:35,"0,480s",PASSED
"verifyElementPresent(findTestObject(""Object Repository/Page_Formulr iadosti o piku (bez zabezpeeni_2a8278/h1_daje zo iadosti o piku boli odoslan""), 0, OPTIONAL)",Chrome 123.0.0.0,,,17-04-2024 14:48:35,17-04-2024 14:48:48,"13,180s",PASSED
"click(findTestObject(""Object Repository/Page_Formulr iadosti o piku (bez zabezpeeni_2a8278/a_Privtna zna""))",Chrome 123.0.0.0,,,17-04-2024 14:48:48,17-04-2024 14:48:49,"0,876s",PASSED
"click(findTestObject(""Object Repository/Page_Portl elektronickch sluieb regionlneho_9bdbd3/div_Zoznam rozpracovanch podan_icon-blue""))",Chrome 123.0.0.0,,,17-04-2024 14:48:49,17-04-2024 14:48:50,"0,797s",PASSED
"setText(findTestObject(""Object Repository/Page_Zoznam odoslanch podan  Elektronick sl_14b0c6/input_Identifiktor_identifikator""), identifikator)",Chrome 123.0.0.0,,,17-04-2024 14:48:50,17-04-2024 14:48:51,"1,822s",PASSED
"click(findTestObject(""Object Repository/Page_Zoznam odoslanch podan  Elektronick sl_14b0c6/button_Vyhada""))",Chrome 123.0.0.0,,,17-04-2024 14:48:51,17-04-2024 14:48:52,"0,438s",PASSED
"click(findTestObject(""Object Repository/Page_Zoznam odoslanch podan  Elektronick sl_14b0c6/a_Detail""))",Chrome 123.0.0.0,,,17-04-2024 14:48:52,17-04-2024 14:48:54,"2,066s",PASSED
"verifyElementText(findTestObject(""Object Repository/Page_Detail podania  Elektronick sluby port_bcdefc/span_ESRVS-2024-2148""), identifikator, OPTIONAL)",Chrome 123.0.0.0,,,17-04-2024 14:48:54,17-04-2024 14:48:55,"0,909s",PASSED
"verifyElementText(findTestObject(""Object Repository/Page_Detail podania  Elektronick sluby port_bcdefc/span_Robert Chamraz""), ""Robert Chamraz"", OPTIONAL)",Chrome 123.0.0.0,,,17-04-2024 14:48:55,17-04-2024 14:48:55,"0,336s",PASSED
"verifyElementText(findTestObject(""Object Repository/Page_Detail podania  Elektronick sluby port_bcdefc/span_Podvanie iadosti o piku pre tudentov z_b27195""), ""Podávanie žiadosti o pôžičku pre študentov z Fondu na podporu vzdelávania (bez ručitela)"", OPTIONAL)",Chrome 123.0.0.0,,,17-04-2024 14:48:55,17-04-2024 14:48:56,"0,338s",PASSED
"click(findTestObject(""Object Repository/Page_Detail podania  Elektronick sluby port_bcdefc/a_Odhlsi""))",Chrome 123.0.0.0,,,17-04-2024 14:48:56,17-04-2024 14:48:58,"2,173s",PASSED
"verifyElementPresent(findTestObject(""Object Repository/Page_Portl elektronickch sluieb regionlneho_9bdbd3/a_Prihlsi sa""), 0)",Chrome 123.0.0.0,,,17-04-2024 14:48:58,17-04-2024 14:48:58,"0,458s",PASSED
closeBrowser(),Chrome 123.0.0.0,,,17-04-2024 14:48:58,17-04-2024 14:48:59,"0,459s",PASSED
kontrolaMailu(),Chrome 123.0.0.0,,,17-04-2024 14:48:59,17-04-2024 14:48:59,"0,001s",PASSED
log = new com.kms.katalon.core.logging.KeywordLogger(),Chrome 123.0.0.0,,,17-04-2024 14:48:59,17-04-2024 14:48:59,"0,002s",PASSED
"startApplicationWithTitle(""C:\Program Files\Microsoft Office\root\Office16\OUTLOOK.EXE"", """")",Chrome 123.0.0.0,,,17-04-2024 14:48:59,17-04-2024 14:49:02,"3,716s",PASSED
"setText(findWindowsObject(""Object Repository/Edit(1)""), identifikator)",Chrome 123.0.0.0,,,17-04-2024 14:49:02,17-04-2024 14:49:07,"4,889s",PASSED
"click(findWindowsObject(""Object Repository/TabItem""))",Chrome 123.0.0.0,,,17-04-2024 14:49:07,17-04-2024 14:49:15,"7,665s",PASSED
"text = """"",Chrome 123.0.0.0,,,17-04-2024 14:49:15,17-04-2024 14:49:15,"0,001s",PASSED
"for ([i = 0, i < 4, (i++)])",Chrome 123.0.0.0,,,17-04-2024 14:49:15,17-04-2024 14:49:50,"35,400s",PASSED
closeApplication(),Chrome 123.0.0.0,,,17-04-2024 14:49:50,17-04-2024 14:49:51,"0,273s",PASSED
